Category,Heuristic,Score,Severity,Page/Component,Issue,Recommendation
Visibility,System Status,4,Low,Dashboard,"Loading states present but inconsistent","Standardize loading indicators across all pages"
Visibility,System Status,3,Medium,Delivery Tracking,"No real-time status updates","Add WebSocket or polling for live updates"
Visibility,System Status,4,Low,Form Submission,"Success messages shown","Add progress indicators for long operations"
Match,Real World Match,5,None,Navigation,"Clear terminology for fleet management","No issues found"
Match,Real World Match,4,Low,HR Module,"GOSI term may confuse non-Saudi users","Add tooltips explaining local terms"
Control,User Control,4,Low,Forms,"Cancel buttons available","Add auto-save for long forms"
Control,User Control,3,Medium,Bulk Actions,"No undo for bulk operations","Add confirmation and undo for destructive actions"
Control,User Control,4,Low,Filters,"Clear filter option available","Add save filter presets feature"
Consistency,Consistency,4,Low,Buttons,"Some style variations in forms","Standardize button styles across all forms"
Consistency,Consistency,3,Medium,Table Actions,"Edit/Delete placement varies","Standardize action column position"
Consistency,Consistency,5,None,Navigation,"Consistent sidebar structure","No issues found"
Prevention,Error Prevention,4,Low,Forms,"Client-side validation present","Add server-side validation feedback"
Prevention,Error Prevention,3,Medium,Delete Actions,"Confirmation dialogs exist but basic","Add impact preview before deletion"
Prevention,Error Prevention,2,High,Bulk Upload,"No validation preview","Add dry-run validation before processing"
Recognition,Recognition vs Recall,4,Low,Search,"Search history not saved","Add recent searches feature"
Recognition,Recognition vs Recall,5,None,Navigation,"Clear labels on all menu items","No issues found"
Recognition,Recognition vs Recall,3,Medium,Forms,"Some complex forms lack guidance","Add inline help text and examples"
Flexibility,Flexibility,3,Medium,Export,"Limited export formats","Add CSV, Excel, PDF export options"
Flexibility,Flexibility,4,Low,Dashboard,"Some widget customization","Add drag-and-drop dashboard customization"
Flexibility,Flexibility,2,High,Keyboard,"Limited keyboard shortcuts","Add keyboard shortcuts for power users"
Aesthetic,Minimalist Design,4,Low,Dashboard,"Some information overload","Add collapsible sections"
Aesthetic,Minimalist Design,5,None,Forms,"Clean form layouts","No issues found"
Aesthetic,Minimalist Design,3,Medium,Tables,"Dense data presentation","Add compact/comfortable view toggle"
Errors,Error Recovery,4,Low,Forms,"Clear error messages","Add suggested corrections"
Errors,Error Recovery,3,Medium,API Errors,"Generic error messages","Provide actionable error guidance"
Errors,Error Recovery,2,High,Session Timeout,"Abrupt logout on timeout","Add warning before session expires"
Help,Help & Documentation,3,Medium,Knowledge Base,"Basic KB exists","Expand with video tutorials"
Help,Help & Documentation,2,High,Onboarding,"No guided tour","Add interactive onboarding flow"
Help,Help & Documentation,4,Low,Tooltips,"Tooltips on complex fields","Extend tooltip coverage"
